;Date;Confirmed Cases;Deaths;Recoveries
0;25.02.20;16;0;14
1;26.02.20;21;0;15
2;27.02.20;26;0;16
3;28.02.20;53;0;16
4;29.02.20;66;0;16
5;01.03.20;117;0;16
6;02.03.20;150;0;16
7;03.03.20;188;0;16
8;04.03.20;240;0;16
9;05.03.20;349;0;16
10;06.03.20;534;0;17
11;07.03.20;684;0;18
12;08.03.20;847;0;18
13;09.03.20;1112;2;18
14;10.03.20;1296;2;18
15;11.03.20;1567;3;25
16;12.03.20;2369;5;25
17;13.03.20;3062;5;46
18;14.03.20;3795;8;46
19;15.03.20;4838;12;46
20;16.03.20;6012;12;67
21;17.03.20;7156;12;67
22;18.03.20;8198;12;105
23;19.03.20;10999;20;113
24;20.03.20;13957;31;180
25;21.03.20;16662;47;233
26;22.03.20;18610;55;266
27;23.03.20;22672;86;266
28;24.03.20;27436;114;3243
29;25.03.20;31554;149;3547
30;26.03.20;36508;198;5673
31;27.03.20;42288;253;6658
32;28.03.20;48582;325;8481
33;29.03.20;52547;389;9211
34;30.03.20;57298;455;13500
35;31.03.20;61913;583;16100
36;01.04.20;67366;732;18700
37;02.04.20;73522;872;22440
38;03.04.20;79696;1017;24575
39;04.04.20;85778;1158;26400
40;05.04.20;91714;1342;28700
41;06.04.20;95391;1434;28700
42;07.04.20;99225;1607;36081
43;08.04.20;103228;1861;46300
44;09.04.20;108202;2107;52407
45;10.04.20;113525;2373;53913
46;11.04.20;117658;2544;57400
47;12.04.20;120479;2673;60300
48;13.04.20;123016;2799;64300
49;14.04.20;125098;2969;68200
50;15.04.20;127584;3254;72600
51;16.04.20;130450;3569;77000
52;17.04.20;133830;3868;83114
53;18.04.20;137439;4110;85400
54;19.04.20;139897;4294;88000
55;20.04.20;141672;4404;91500
56;21.04.20;143457;4598;95200
57;22.04.20;145694;4879;99400
58;23.04.20;148046;5094;103300
59;24.04.20;150383;5321;109800
60;25.04.20;152438;5500;109800
61;26.04.20;154175;5640;112000
62;27.04.20;155193;5750;114500
63;28.04.20;156337;5913;117400
64;29.04.20;157641;6115;120400
65;30.04.20;159119;6288;123500
66;01.05.20;160758;6481;126900
67;02.05.20;161703;6575;129000
68;03.05.20;162496;6649;130600
69;04.05.20;163175;6692;132700
70;05.05.20;163860;6831;135100
71;06.05.20;164807;6996;139900
72;07.05.20;166091;7119;141700
73;08.05.20;167300;7266;141700
74;09.05.20;168551;7369;143300
75;10.05.20;169218;7395;144400
76;11.05.20;169575;7417;145617
77;12.05.20;170508;7533;147200
78;13.05.20;171306;7634;148700
79;14.05.20;172239;7723;150300
80;15.05.20;173152;7824;151597
81;16.05.20;173772;7881;152600
82;17.05.20;174355;7914;154011
83;18.05.20;174697;7935;155041
84;19.05.20;175210;8007;155681
85;20.05.20;176007;8090;156966
86;21.05.20;176752;8147;158087
87;22.05.20;177212;8174;159064
88;23.05.20;177850;8216;159716
89;24.05.20;178281;8247;160281
90;25.05.20;178570;8257;161199
91;26.05.20;179002;8302;161967
92;27.05.20;179364;8349;162820
93;28.05.20;179717;8411;163360
94;29.05.20;180458;8450;164245
95;30.05.20;181196;8489;164908
96;31.05.20;181482;8500;165352
97;01.06.20;181815;8511;165632
98;02.06.20;182028;8522;166609
99;03.06.20;182370;8551;167453
100;04.06.20;182764;8581;167909
101;05.06.20;183271;8613;168480
102;06.06.20;183678;8646;168958
103;07.06.20;183979;8668;169224
104;08.06.20;184193;8674;169556
105;09.06.20;184543;8711;170129
106;10.06.20;184861;8729;170630
107;11.06.20;185416;8755;170961
108;12.06.20;185674;8763;171535
109;13.06.20;186022;8781;171970
110;14.06.20;186269;8787;172089
111;15.06.20;186461;8791;172692
112;16.06.20;186839;8800;172842
113;17.06.20;187184;8830;173599
114;18.06.20;187764;8856;173847
115;19.06.20;188534;8872;173972
116;20.06.20;189135;8883;174609
117;21.06.20;189822;8882;174740
118;22.06.20;190359;8885;175143
119;23.06.20;190862;8895;175825
120;24.06.20;191449;8914;176422
121;25.06.20;192079;8927;176764
122;26.06.20;192556;8948;177149
123;27.06.20;193243;8954;177518
124;28.06.20;193499;8957;177657
125;29.06.20;193761;8961;177770
126;30.06.20;194259;8973;178100
127;01.07.20;194725;8985;179100
128;02.07.20;195228;8994;179800
129;03.07.20;195674;9003;180300
130;04.07.20;196096;9010;181000
131;05.07.20;196335;9012;181719
132;06.07.20;196554;9016;182160
133;07.07.20;196944;9024;182661
134;08.07.20;197341;9036;183153
135;09.07.20;197783;9048;183728
136;10.07.20;198178;9054;184028
137;11.07.20;198556;9060;184266
138;12.07.20;198804;9063;184414
139;13.07.20;198963;9064;185100
140;14.07.20;199375;9068;185100
141;15.07.20;199726;9071;186000
142;16.07.20;200260;9078;186400
143;17.07.20;200843;9082;186900
144;18.07.20;201372;9083;187200
145;19.07.20;201574;9084;187400
146;20.07.20;201823;9086;188070
147;21.07.20;202345;9090;188221
148;22.07.20;202799;9095;188628
149;23.07.20;203368;9101;189140
150;24.07.20;204183;9111;189696
151;25.07.20;204964;9118;189919
152;26.07.20;205269;9118;190055
153;27.07.20;205609;9118;190314
154;28.07.20;206242;9122;190711
155;29.07.20;206926;9128;191279
156;30.07.20;207828;9134;191551
157;31.07.20;208698;9141;191992
158;01.08.20;209653;9148;192636
159;02.08.20;209893;9141;192908
160;03.08.20;210402;9148;193594
161;04.08.20;211281;9156;194173
162;05.08.20;212022;9168;194568
163;06.08.20;213067;9175;195281
164;07.08.20;214214;9183;195935
165;08.08.20;215336;9195;196550
166;09.08.20;215891;9196;196783
167;10.08.20;216327;9197;197382
168;11.08.20;217293;9201;198347
169;12.08.20;218519;9207;198991
170;13.08.20;219964;9211;199654
171;14.08.20;221413;9225;200440
172;15.08.20;222828;9231;200756
173;16.08.20;223453;9231;201187
174;17.08.20;224014;9232;202249
175;18.08.20;225404;9236;203677
176;19.08.20;226914;9243;204454
177;20.08.20;228621;9253;205359
178;21.08.20;230048;9260;206656
179;22.08.20;232082;9267;207606
180;23.08.20;232864;9269;207985
181;24.08.20;233575;9272;208653
182;25.08.20;234853;9277;210333
183;26.08.20;236429;9280;211691
184;27.08.20;237936;9285;212909
185;28.08.20;239507;9288;214186
186;29.08.20;240986;9289;214790
187;30.08.20;241771;9295;215283
188;31.08.20;242381;9298;216795
189;01.09.20;243599;9302;218403
190;02.09.20;244855;9313;219904
191;03.09.20;246166;9321;221525
192;04.09.20;247619;9322;222802
193;05.09.20;248997;9324;223570
194;06.09.20;249985;9325;224215
195;07.09.20;250799;9325;225704
196;08.09.20;252298;9329;227379
197;09.09.20;253474;9338;228784
198;10.09.20;255366;9341;230283
199;11.09.20;256850;9342;231349
200;12.09.20;258480;9347;231953
201;13.09.20;259428;9349;232541
202;14.09.20;260355;9350;234017
203;15.09.20;261762;9362;235112
204;16.09.20;263663;9368;236623
205;17.09.20;265857;9371;238437
206;18.09.20;267773;9378;239654
207;19.09.20;270070;9384;240510
208;20.09.20;271415;9386;241192
209;21.09.20;272337;9386;242656
210;22.09.20;274158;9396;244693
211;23.09.20;275927;9409;245706
212;24.09.20;278070;9428;247766
213;25.09.20;280223;9443;249164
214;26.09.20;282730;9452;250104
215;27.09.20;284140;9457;250866
216;28.09.20;285332;9460;252693
217;29.09.20;287421;9471;255212
218;30.09.20;289219;9488;256861
219;01.10.20;291722;9500;258220
220;02.10.20;294395;9508;259722
221;03.10.20;296958;9527;260916
222;04.10.20;299237;9529;262002
223;05.10.20;300619;9534;265624
224;06.10.20;303258;9546;267747
225;07.10.20;306086;9562;269722
226;08.10.20;310144;9578;271960
227;09.10.20;314660;9589;273718
228;10.10.20;319381;9604;274934
229;11.10.20;322864;9615;276983
230;12.10.20;325331;9621;278391
231;13.10.20;329453;9634;280533
232;14.10.20;334585;9677;283656
233;15.10.20;341223;9710;286137
234;16.10.20;348557;9734;289027
235;17.10.20;356387;9767;291129
236;18.10.20;361974;9777;293447
237;19.10.20;366299;9789;296672
238;20.10.20;373167;9836;299743
239;21.10.20;380762;9875;304173
240;22.10.20;392049;9905;308779
241;23.10.20;403291;9954;312347
242;24.10.20;418005;10003;316124
243;25.10.20;429181;10032;320004
244;26.10.20;437866;10056;325052
245;27.10.20;449275;10098;327697
246;28.10.20;464239;10183;336764
247;29.10.20;481013;10272;340436
248;30.10.20;499694;10349;351921
249;31.10.20;518753;10452;356410
250;01.11.20;532930;10481;363545
251;02.11.20;545027;10530;372499
252;03.11.20;560379;10661;373391
253;04.11.20;577593;10812;384012
254;05.11.20;597583;10930;394616
255;06.11.20;619089;11096;405809
256;07.11.20;642488;11226;413484
257;08.11.20;658505;11289;421151
258;09.11.20;671868;11352;443621
259;10.11.20;687200;11506;446402
260;11.11.20;705687;11767;460504
261;12.11.20;727553;11982;474208
262;13.11.20;751095;12200;487913
263;14.11.20;773556;12378;498996
264;15.11.20;790503;12485;505714
265;16.11.20;801327;12547;522313
266;17.11.20;815746;12814;537347
267;18.11.20;833307;13119;554272
268;19.11.20;855916;13370;570961
269;20.11.20;879564;13630;587780
270;21.11.20;902528;13884;600991
271;22.11.20;918269;14022;611627
272;23.11.20;929133;14112;630375
273;24.11.20;942687;14361;649070
274;25.11.20;961320;14771;666373
275;26.11.20;983588;15160;685537
276;27.11.20;1006394;15586;705213
277;28.11.20;1028089;15965;718604
278;29.11.20;1042700;16123;730797
279;30.11.20;1053869;16248;749219
280;01.12.20;1067473;16636;769380
281;02.12.20;1084743;17123;789564
282;03.12.20;1106789;17602;811091
283;04.12.20;1130238;18034;831935
284;05.12.20;1153556;18517;852580
285;06.12.20;1171323;18772;868285
286;07.12.20;1183655;18919;888701
287;08.12.20;1197709;19342;909058
288;09.12.20;1218524;19932;929272
289;10.12.20;1242203;20372;949913
290;11.12.20;1272078;20970;966238
291;12.12.20;1300516;21466;975931
292;13.12.20;1320716;21787;990707
293;14.12.20;1337078;21975;1012077
294;15.12.20;1351510;22475;1031721
295;16.12.20;1379238;23427;1056477
296;17.12.20;1406161;24125;1078944
297;18.12.20;1439938;24938;1095982
298;19.12.20;1471238;25640;1107115
299;20.12.20;1494009;26049;1123725
300;21.12.20;1510652;26275;1147943
301;22.12.20;1530180;27006;1171444
302;23.12.20;1554920;27968;1197472
303;24.12.20;1587115;28770;1220277
304;25.12.20;1612648;29182;1235968
305;26.12.20;1627103;29422;1253285
306;27.12.20;1640858;29778;1272032
307;28.12.20;1651834;30126;1294932
308;29.12.20;1664726;30978;1319757
309;30.12.20;1687185;32107;1345952
310;31.12.20;1719737;33071;1350708
311;01.01.21;1742661;33624;1388744
312;02.01.21;1755351;33960;1400810
313;03.01.21;1765666;34272;1422151
314;04.01.21;1775513;34574;1445442
315;05.01.21;1787410;35518;1472311
316;06.01.21;1808647;36537;1496182
317;07.01.21;1835038;37607;1517019
318;08.01.21;1866887;38795;1533143
319;09.01.21;1891581;39878;1546206
320;10.01.21;1908527;40343;1566907
321;11.01.21;1921024;40686;1590171
322;12.01.21;1933826;41577;1616761
323;13.01.21;1953426;42637;1640682
324;14.01.21;1978590;43881;1661394
325;15.01.21;2000958;44994;1664176
326;16.01.21;2019636;45974;1680479
327;17.01.21;2033518;46419;1709540
328;18.01.21;2040659;46633;1713196
329;19.01.21;2052028;47622;1757713
330;20.01.21;2068002;48770;1778319
331;21.01.21;2088400;49783;1797648
332;22.01.21;2106262;50642;1813894
333;23.01.21;2122679;51521;1826161
334;24.01.21;2134936;51870;1840970
335;25.01.21;2141665;52087;1859936
336;26.01.21;2148077;52990;1881933
337;27.01.21;2161275;53972;1881933
338;28.01.21;2178828;54913;1915501
339;29.01.21;2192850;55752;1917964
340;30.01.21;2205171;56546;1938929
341;31.01.21;2216363;56945;1940046
342;01.02.21;2221971;57120;1967132
343;02.02.21;2228085;57981;1986214
344;03.02.21;2237790;58956;2003831
345;04.02.21;2252001;59742;2020303
346;05.02.21;2264909;60597;2033168
347;06.02.21;2275394;61286;2041988
348;07.02.21;2284010;61517;2052656
349;08.02.21;2288545;61675;2054340
350;09.02.21;2291924;62156;2081966
351;10.02.21;2299996;62969;2096775
352;11.02.21;2310233;63635;2109508
353;12.02.21;2320093;64191;2120342
354;13.02.21;2328447;64742;2128002
355;14.02.21;2334561;64960;2136933
356;15.02.21;2338987;65076;2148269
357;16.02.21;2342843;65604;2161100
358;17.02.21;2350399;66164;2172312
359;18.02.21;2360606;66698;2182370
360;19.02.21;2369719;67206;2191208
361;20.02.21;2378883;67696;2197065
362;21.02.21;2386559;67841;2204110
363;22.02.21;2390928;67903;2212439
364;23.02.21;2394811;68318;2221972
365;24.02.21;2402818;68740;2231073
366;25.02.21;2414687;69125;2232050
367;26.02.21;2424684;69519;2247173
368;27.02.21;2434446;69888;2252970
369;28.02.21;2442336;70045;2259548
370;01.03.21;2447068;70105;2260719
371;02.03.21;2451011;70463;2277626
372;03.03.21;2460030;70881;2286728
373;04.03.21;2471942;71240;2295405
374;05.03.21;2482522;71504;2302899
375;06.03.21;2492079;71804;2308094
376;07.03.21;2500182;71900;2314400
377;08.03.21;2505193;71934;2322734
378;09.03.21;2509445;72189;2331890
379;10.03.21;2518591;72489;2340473
380;11.03.21;2532947;72810;2349384
381;12.03.21;2545781;73062;2356590
382;13.03.21;2558455;73301;2357374
383;14.03.21;2569245;73371;2368995
384;15.03.21;2575849;73418;2377584
385;16.03.21;2581329;73656;2387232
386;17.03.21;2594764;73905;2387743
387;18.03.21;2612268;74132;2405600
388;19.03.21;2629750;74358;2413584
389;20.03.21;2645783;74565;2419292
390;21.03.21;2659516;74664;2426700
391;22.03.21;2667225;74714;2437183
392;23.03.21;2674710;74964;2448828
393;24.03.21;2690523;75212;2460019
394;25.03.21;2713180;75440;2471558
395;26.03.21;2734753;75623;2481908
396;27.03.21;2755225;75780;2489198
397;28.03.21;2772401;75870;2499010
398;29.03.21;2782273;75913;2511417
399;30.03.21;2791822;76093;2525580
400;31.03.21;2808873;76342;2539660
401;01.04.21;2833173;76543;2552020
402;02.04.21;2855061;76775;2566530
403;03.04.21;2873190;76895;2575740
404;04.04.21;2885386;76963;2585850
405;05.04.21;2893883;77013;2587580
406;06.04.21;2900768;77103;2604890
407;07.04.21;2910445;77401;2638320
408;08.04.21;2930852;77707;2640300
409;09.04.21;2956316;78003;2654930
410;10.04.21;2980413;78249;2668910
411;11.04.21;2998268;78353;2692230
412;12.04.21;3011513;78452;2708320
413;13.04.21;3022323;78746;2726910
414;14.04.21;3044016;79088;2744940
415;15.04.21;3073442;79381;2747460
416;16.04.21;3099273;79628;2763260
417;17.04.21;3123077;79847;2784540
418;18.04.21;3142262;79914;2795080
419;19.04.21;3153699;80006;2811890
420;20.04.21;3163308;80303;2831440
421;21.04.21;3188192;80634;2852890
422;22.04.21;3217710;80893;2856510
423;23.04.21;3245253;81158;2876690
424;24.04.21;3268645;81444;2902900
425;25.04.21;3287418;81564;2917730
426;26.04.21;3299325;81624;2939900
427;27.04.21;3310301;81968;2960900
428;28.04.21;3332532;82280;2966590
429;29.04.21;3357268;82544;2987910
430;30.04.21;3381597;82850;3008640
431;01.05.21;3400532;83082;3025120
432;02.05.21;3416822;83192;3051730
433;03.05.21;3425982;83276;3053770
434;04.05.21;3433516;83591;3075230
435;05.05.21;3451550;83876;3118660
436;06.05.21;3473503;84126;3140330
437;07.05.21;3491988;84410;3142640
438;08.05.21;3507673;84648;3160630
439;09.05.21;3520329;84775;3187100
440;10.05.21;3527251;84829;3188710
441;11.05.21;3533376;85112;3231090
442;12.05.21;3548285;85380;3233630
443;13.05.21;3565704;85658;3268190
444;14.05.21;3577040;85848;3284300
445;15.05.21;3584934;86025;3292700
446;16.05.21;3593434;86096;3306260
447;17.05.21;3598846;86160;3323190
448;18.05.21;3603055;86381;3342350
449;19.05.21;3614095;86665;3359530
450;20.05.21;3626393;86902;3376100
451;21.05.21;3635162;87128;3390400
452;22.05.21;3642244;87298;3398700
453;23.05.21;3648958;87380;3410040
454;24.05.21;3651640;87423;3425380
455;25.05.21;3653551;87456;3439570
456;26.05.21;3656177;87726;3452290
457;27.05.21;3662490;87995;3463130
458;28.05.21;3669870;88187;3472650
459;29.05.21;3675296;88350;3479700
460;30.05.21;3679148;88406;3487850
461;31.05.21;3681126;88442;3498580
462;01.06.21;3682911;88595;3509660
463;02.06.21;3687828;88774;3518860
464;03.06.21;3692468;88940;3526110
465;04.06.21;3695633;89026;3533860
466;05.06.21;3697927;89148;3538290
467;06.06.21;3700367;89222;3542000
468;07.06.21;3701484;89244;3549820
469;08.06.21;3702688;89384;3557840
470;09.06.21;3705942;89491;3563140
471;10.06.21;3709129;89585;3568460
472;11.06.21;3711569;89687;3574000
473;12.06.21;3713480;89816;3577840
474;13.06.21;3714969;89834;3581340
475;14.06.21;3715518;89844;3585660
476;15.06.21;3716170;89937;3590610
477;16.06.21;3717625;90074;3593730
478;17.06.21;3718955;90179;3597940
479;18.06.21;3720031;90270;3600360
480;19.06.21;3721139;90369;3602150
481;20.06.21;3721981;90385;3604050
482;21.06.21;3722327;90395;3606150
483;22.06.21;3722782;90472;3609310
484;23.06.21;3723798;90523;3612840
485;24.06.21;3724806;90616;3616140
486;25.06.21;3725580;90678;3617470
487;26.06.21;3726172;90746;3618510
488;27.06.21;3726710;90754;3619010
489;28.06.21;3726929;90762;3620830
490;29.06.21;3727333;90819;3622220
491;30.06.21;3728141;90875;3623800
492;01.07.21;3729033;90938;3625010
493;02.07.21;3729682;91007;3625740
494;03.07.21;3730353;91023;3626610
495;04.07.21;3730912;91030;3627520
496;05.07.21;3731124;91031;3628600
497;06.07.21;3731564;91062;3628910
498;07.07.21;3732549;91110;3630340
499;08.07.21;3733519;91141;3631310
500;09.07.21;3734468;91190;3632230
501;10.07.21;3735420;91225;3632330
502;11.07.21;3736165;91231;3632930
503;12.07.21;3736489;91233;3633520
504;13.07.21;3737135;91259;3634550
505;14.07.21;3738683;91287;3635420
506;15.07.21;3740325;91319;3636120
507;16.07.21;3741781;91337;3636960
508;17.07.21;3743389;91359;3637480
509;18.07.21;3744681;91362;3638720
510;19.07.21;3745227;91363;3639640
511;20.07.21;3746410;91397;3640270
512;21.07.21;3748613;91416;3641100
513;22.07.21;3750503;91458;3642010
514;23.07.21;3752592;91492;3642120
515;24.07.21;3754511;91520;3643350
516;25.07.21;3755898;91524;3644560
517;26.07.21;3756856;91527;3645870
518;27.07.21;3758401;91565;3647240
519;28.07.21;3761169;91586;3653990
520;29.07.21;3764311;91607;3649670
521;30.07.21;3766765;91637;3652400
522;31.07.21;3769165;91658;3653150
523;01.08.21;3771262;91659;3654720
524;02.08.21;3772109;91660;3654950
525;03.08.21;3773875;91679;3658150
526;04.08.21;3777446;91704;3659260
527;05.08.21;3780985;91730;3661200
528;06.08.21;3784433;91754;3662700
529;07.08.21;3787639;91778;
530;08.08.21;3790766;91782;
531;09.08.21;3791949;91784;3667400
532;10.08.21;3794429;91803;3669600
533;11.08.21;3799425;91817;3671800
534;12.08.21;3805063;91834;3673700
535;13.08.21;3810641;91853;3675800
536;14.08.21;3816285;91864;
537;15.08.21;3821013;91867;
538;16.08.21;3823139;91871;3682000
539;17.08.21;3827051;91899;3684700
540;18.08.21;3835375;91921;3687600
541;19.08.21;3843775;91943;3690400
542;20.08.21;3853055;91956;3693400
543;21.08.21;3861147;91973;
544;22.08.21;3868197;91976;
545;23.08.21;3871865;91980;3702100
546;24.08.21;3877612;92022;3706200
547;25.08.21;3889173;92061;3710500
548;26.08.21;3901799;92082;3714400
549;27.08.21;3913828;92096;3718900
550;28.08.21;3924131;92118;
551;29.08.21;3932547;92130;
552;30.08.21;3937106;92140;3731900
553;31.08.21;3942856;92200;3738000
554;01.09.21;3956387;92223;3744600
555;02.09.21;3970102;92256;3750700
556;03.09.21;3984353;92301;3757600
557;04.09.21;3995188;92325;
558;05.09.21;4005641;92346;
559;06.09.21;4010390;92354;3775500
560;07.09.21;4017116;92413;3783800
561;08.09.21;4030681;92448;3793000
562;09.09.21;4046112;92498;3801500
563;10.09.21;4059081;92553;3810100
564;11.09.21;4070295;92598;
565;12.09.21;4077640;92606;
566;13.09.21;4083151;92618;3831800
567;14.09.21;4089476;92686;3841800
568;15.09.21;4101931;92769;3852900
569;16.09.21;4114856;92837;3863000
570;17.09.21;4125878;92857;3873700
571;18.09.21;4134779;92920;
572;19.09.21;4142116;92958;
573;20.09.21;4145852;92971;3897800
574;21.09.21;4150516;93052;3909300
575;22.09.21;4160970;93123;
576;23.09.21;4171666;93238;3932600
577;24.09.21;4181393;93303;3943200
578;25.09.21;4188604;93365;
579;26.09.21;4196378;93393;
580;27.09.21;4199400;93403;3966700
581;28.09.21;4203571;93504;3978200
582;29.09.21;4215351;93571;3989700
583;30.09.21;4227501;93638;4000100
584;01.10.21;4237619;93711;4010100
585;02.10.21;4246136;93777;
586;03.10.21;4252300;93786;
587;04.10.21;4255388;93793;4032400
588;05.10.21;4260187;93883;4043400
589;06.10.21;4271734;93959;4054600
590;07.10.21;4283378;94027;4064600
591;08.10.21;4293807;94113;4074300
592;09.10.21;4302661;94178;
593;10.10.21;4310273;94202;
594;11.10.21;4313384;94209;4095900
595;12.10.21;4318355;94297;4106300
596;13.10.21;4330258;94389;4116400
597;14.10.21;4342640;94461;4125100
598;15.10.21;4354158;94526;4134100
599;16.10.21;4365107;94601;
600;17.10.21;4373789;94618;
601;18.10.21;4377845;94628;4155000
602;19.10.21;4384616;94716;4164600
603;20.10.21;4401631;94808;4174400
604;21.10.21;4417708;94875;4182800
605;22.10.21;4437280;94991;4192000
606;23.10.21;4452425;95077;
607;24.10.21;4466157;95100;
608;25.10.21;4472730;95117;4215200
609;26.10.21;4483203;95245;4225900
610;27.10.21;4506415;95359;4237100
611;28.10.21;4534452;95485;4247000
612;29.10.21;4559120;95606;4257800
613;30.10.21;4580663;95696;
614;31.10.21;4597550;95729;
615;01.11.21;4607208;95752;4286900
616;02.11.21;4618021;95833;4300600
617;03.11.21;4638419;96027;4315100
618;04.11.21;4672368;96192;4328400
619;05.11.21;4709488;96346;4342600
620;06.11.21;4743490;96488;
621;07.11.21;4767033;96525;
622;08.11.21;4782546;96558;4380000
623;09.11.21;4804378;96727;4397600
624;10.11.21;4844054;96963;4415900
625;11.11.21;4894250;97198;4415900
626;12.11.21;4942890;97389;4450200
627;13.11.21;4987971;97617;
628;14.11.21;5021469;97672;
629;15.11.21;5045076;97715;4494300
630;16.11.21;5077124;97980;4516000
631;17.11.21;5129950;98274;4540900
632;18.11.21;5195321;98538;4564200
633;19.11.21;5248291;98739;4588200
634;20.11.21;5312215;98987;
635;21.11.21;5354942;99062;
636;22.11.21;5385585;99124;4649300
637;23.11.21;5430911;99433;4680000
638;24.11.21;5497795;99768;4712900
639;25.11.21;5573756;100119;4744400
640;26.11.21;5650170;100476;4775300
641;27.11.21;5717295;100779;
642;28.11.21;5761696;100883;
643;29.11.21;5791060;100956;4852800
644;30.11.21;5836813;101344;4893300
645;01.12.21;5903999;101790;4937600
646;02.12.21;5977208;102178;4979700
647;03.12.21;6051560;102568;5023200
648;04.12.21;6116070;102946;
649;05.12.21;6158125;103040;
650;06.12.21;6185961;103121;5120100
651;07.12.21;6222020;103520;5170400
652;08.12.21;6291621;104047;5225800
653;09.12.21;6362232;104512;5278300
654;10.12.21;6423520;104996;5329300
655;11.12.21;6477217;105506;
656;12.12.21;6509863;105638;
657;13.12.21;6531606;105754;5435700
658;14.12.21;6562429;106227;5497300
659;15.12.21;6613730;106680;5559700
660;16.12.21;6670407;107202;5618600
661;17.12.21;6721375;107639;5679400
662;18.12.21;6764188;108053;
663;19.12.21;6793536;108233;
664;20.12.21;6809622;108352;5801400
665;21.12.21;6833050;108814;5866900
666;22.12.21;6878709;109324;5933400
667;23.12.21;6923636;109749;5992800
668;24.12.21;6959067;110119;
669;25.12.21;6981281;110276;
670;26.12.21;6991381;110364;
671;27.12.21;7005289;110433;6156500
672;28.12.21;7026369;110805;6217800
673;29.12.21;7066412;111219;6277400
674;30.12.21;7109182;111602;6332300
675;31.12.21;7150422;111925;
676;01.01.22;7176814;112109;
677;02.01.22;7189329;112155;
678;03.01.22;7207847;112223;
679;04.01.22;7238408;112579;6531900
680;05.01.22;7297320;112925;6581800
681;06.01.22;7361660;113368;6626500
682;07.01.22;7417995;113632;6664800
683;08.01.22;7473884;113900;
684;09.01.22;7510436;113977;
685;10.01.22;7535691;114029;6745100
686;11.01.22;7581381;114351;6792300
687;12.01.22;7661811;114735;6836600
688;13.01.22;7743228;115051;6878100
689;14.01.22;7835451;115337;6914700
690;15.01.22;7913473;115572;
691;16.01.22;7965977;115619;
692;17.01.22;8000122;115649;7000000
693;18.01.22;8074527;115842;7050100
694;19.01.22;8186850;116081;7098400
695;20.01.22;8320386;116315;7139800
696;21.01.22;8460546;116485;7178000
697;22.01.22;8596007;116664;
698;23.01.22;8681447;116718;
699;24.01.22;8744840;116746;7273100
700;25.01.22;8871795;116960;7331200
701;26.01.22;9035795;117126;7387800
702;27.01.22;9238931;117314;7443300
703;28.01.22;9429079;117484;7494200
704;29.01.22;9618245;117666;
705;30.01.22;9737215;117725;
706;31.01.22;9815533;117786;7622400
707;01.02.22;9978146;117974;7705000
708;02.02.22;10186644;118170;7789600
709;03.02.22;10422764;118334;7869200
710;04.02.22;10671602;118504;7953200
711;05.02.22;10889417;118676;
712;06.02.22;11022590;118717;
713;07.02.22;11117857;118766;8142100
714;08.02.22;11287428;118943;8257400
715;09.02.22;11521678;119215;8373900
716;10.02.22;11769540;119453;8487100
717;11.02.22;12009712;119679;8597300
718;12.02.22;12219501;119877;
719;13.02.22;12344661;119935;
720;14.02.22;12421126;119977;8838800
721;15.02.22;12580343;120220;8989100
722;16.02.22;12800315;120467;9153100
723;17.02.22;13035941;120728;9320700
724;18.02.22;13255989;120992;9484400
725;19.02.22;13445094;121202;
726;20.02.22;13563126;121275;
727;21.02.22;13636993;121297;9829300
728;22.02.22;13762895;121603;10031200
729;23.02.22;13971947;121902;10234100
730;24.02.22;14188269;122145;10435800
731;25.02.22;14399012;122371;10629300
732;26.02.22;14574845;122621;
733;27.02.22;14682758;122678;
734;28.02.22;14745107;122702;11010700
735;01.03.22;14867218;122937;11239600
736;02.03.22;15053624;123238;11470300
737;03.03.22;15264297;123505;11696600
738;04.03.22;15481890;123796;11898500
739;05.03.22;15674100;124051;
740;06.03.22;15790989;124102;
741;07.03.22;15869417;124126;12287900
742;08.03.22;16026216;124450;
743;09.03.22;16242070;124764;12753700
744;10.03.22;16504822;125023;12963800
745;11.03.22;16757658;125272;13153300
746;12.03.22;16994744;125521;
747;13.03.22;17141351;125571;
748;14.03.22;17233729;125590;13501400
749;15.03.22;17432617;125873;13714200
750;16.03.22;17695210;126142;13931900
751;17.03.22;17990141;126420;14142500
752;18.03.22;18287986;126646;14323500
753;19.03.22;18548225;126867;
754;20.03.22;18680017;126916;
755;21.03.22;18772331;126929;14680700
756;22.03.22;18994411;127193;14904100
757;23.03.22;19278143;127522;15121100
758;24.03.22;19596530;127822;15329000
759;25.03.22;19893028;128110;15518700
760;26.03.22;20145054;128388;
761;27.03.22;20256278;128437;
762;28.03.22;20323779;128457;15873400
763;29.03.22;20561131;128764;16092900
764;30.03.22;20829608;129112;16319700
765;31.03.22;21357095;129708;16546900
766;01.04.22;21357039;129695;16754000
767;02.04.22;21553495;129987;
768;03.04.22;21668677;130052;
769;04.04.22;21668677;130052;17156600
770;05.04.22;21849074;130368;17407700
771;06.04.22;22265788;131036;17675700
772;07.04.22;22441051;131370;17930900
773;08.04.22;22591726;131679;18168200
774;09.04.22;22647197;131715;
775;10.04.22;22677986;131728;
776;11.04.22;22878428;132017;18618400
777;12.04.22;23017079;132378;18893100
778;13.04.22;23182447;132688;19179300
779;14.04.22;23339311;132900;19444600
780;15.04.22;23376879;132929;
781;16.04.22;23416663;132942;
782;17.04.22;23437145;132953;
783;18.04.22;23459628;132960;
784;19.04.22;23658211;133308;20347900
785;20.04.22;23844536;133632;20609400
786;21.04.22;24006254;133921;20853100
787;22.04.22;24141333;134155;21058000
788;23.04.22;24180512;134179;
789;24.04.22;24200596;134185;
790;25.04.22;24337394;134489;21425200
791;26.04.22;24337394;134489;21665200
792;27.04.22;24609159;135078;21885900
793;28.04.22;24710769;135292;22088300
794;29.04.22;24798067;135451;22227600
795;30.04.22;24809785;135461;
796;01.05.22;24813817;135461;
797;02.05.22;24927339;135701;22469200
798;03.05.22;25033970;135942;22658600
799;04.05.22;25130137;136125;22841300
800;05.05.22;25215210;136339;23000500
801;06.05.22;25287462;136523;23135500
802;07.05.22;25295950;136533;
803;08.05.22;25299300;136538;
804;09.05.22;25406868;136756;23373200
805;10.05.22;25503878;136987;23536900
806;11.05.22;25592839;137184;23676700
807;12.05.22;25661838;137348;23804600
808;13.05.22;25723697;137492;23875700
809;14.05.22;25729848;137499;
810;15.05.22;25732153;137499;
811;16.05.22;25818405;137714;24014000
812;17.05.22;25890456;137888;24155900
813;18.05.22;25949175;138053;24299000
814;19.05.22;25998085;138204;24425500
815;20.05.22;26040460;138324;24526300
816;21.05.22;26044283;138325;
817;22.05.22;26045528;138326;
818;23.05.22;26109965;138485;24708600
819;24.05.22;26159106;138643;24832300
820;25.05.22;26198811;138779;24932100
821;26.05.22;26200663;138781;
822;27.05.22;26240639;138854;25086300
823;28.05.22;26243352;138862;
824;29.05.22;26244107;138864;
825;30.05.22;26305996;139000;25216200
826;31.05.22;26360953;139091;25311600
827;01.06.22;26409455;139222;25391200
828;02.06.22;26452148;139313;25459000
829;03.06.22;26493235;139386;25515500
830;04.06.22;26493235;139386;
831;05.06.22;26496611;139386;
832;06.06.22;26498361;139388;
833;07.06.22;26583016;139533;25696800
834;08.06.22;26660652;139623;25759000
835;09.06.22;26738530;139729;25803300
836;10.06.22;26803867;139806;25850400
837;11.06.22;26803867;139806;
838;12.06.22;26809245;139807;
839;13.06.22;26915085;139914;25939900
840;14.06.22;27007429;140026;25999100
841;15.06.22;27096571;140099;26049400
842;16.06.22;27124689;140118;26091900
843;17.06.22;27204953;140176;26132100
844;18.06.22;27204955;140176;
845;19.06.22;27211896;140176;
846;20.06.22;27334993;140358;26197700
847;21.06.22;27454225;140462;26253400
848;22.06.22;27573585;140560;26306700
849;23.06.22;27681775;140650;26340200
850;24.06.22;;;
851;25.06.22;;;
852;26.06.22;27681775;140650;26385600
853;27.06.22;27771911;140734;26479900
854;28.06.22;27914240;140847;26546500
855;29.06.22;28048190;141022;26605100